<?xml version='1.0' encoding='UTF-8'?>
<shortcuts>
	<shortcut>
		<defaultID />
		<label>Discover TV Shows</label>
		<label2>Custom item</label2>
		<icon>DefaultShortcut.png</icon>
		<thumb>image://%2fvar%2fmobile%2fContainers%2fData%2fApplication%2fFD9CB9E1-5D8B-4AFE-B40C-AAF06636997F%2fLibrary%2fCaches%2fhome%2faddons%2fplugin.video.Seren%2ftemp-icon.png/</thumb>
		<action>ActivateWindow(Videos,"plugin://plugin.video.seren/?action=showsHome",return)</action>
	</shortcut>
	<shortcut>
		<defaultID />
		<label>Discover Movies</label>
		<label2>Custom item</label2>
		<icon>DefaultShortcut.png</icon>
		<thumb>image://C%3a%5cUsers%5cpyrozew%5cAppData%5cRoaming%5cKodi%5caddons%5cplugin.video.seren%5ctemp-icon.png/</thumb>
		<action>ActivateWindow(Videos,"plugin://plugin.video.seren/?action=traktList&amp;page=1&amp;actionArgs=%7B%22username%22%3A%20%22giladg%22%2C%20%22trakt_id%22%3A%20%22latest-releases%22%2C%20%22sort_how%22%3A%20%22desc%22%2C%20%22type%22%3A%20%22movies%22%2C%20%22sort_by%22%3A%20%22added%22%7D",return)</action>
	</shortcut>
	<shortcut>
		<defaultID />
		<label>Gaia</label>
		<label2>Custom item</label2>
		<icon>DefaultShortcut.png</icon>
		<thumb>image://C%3a%5cUsers%5cpyrozew%5cAppData%5cRoaming%5cKodi%5caddons%5cscript.gaia.resources%5cresources%5cmedia%5cicons%5cwhite%5clarge%5cshows.png/</thumb>
		<action>ActivateWindow(Videos,"plugin://plugin.video.gaia",return)</action>
	</shortcut>
	<shortcut>
		<defaultID>programs</defaultID>
		<label>10001</label>
		<label2>Programs</label2>
		<icon>special://skin/extras/icons/addons.png</icon>
		<thumb />
		<action>ActivateWindow(Programs,Addons,return)</action>
	</shortcut>
	<shortcut>
		<defaultID>14111</defaultID>
		<label>14111</label>
		<label2>Common menu item</label2>
		<icon>DefaultShortcut.png</icon>
		<thumb />
		<action>ActivateWindow(EventLog,events://,return)</action>
	</shortcut>
	<shortcut>
		<defaultID>settings</defaultID>
		<label>10004</label>
		<label2>Settings</label2>
		<icon>special://skin/extras/icons/settings.png</icon>
		<thumb />
		<action>ActivateWindow(Settings)</action>
	</shortcut>
	<shortcut>
		<defaultID>script.globalsearch</defaultID>
		<label>137</label>
		<label2>Custom item</label2>
		<icon>shortcuts/search.png</icon>
		<thumb />
		<action>ActivateWindow(Videos,"plugin://plugin.video.seren/?action=searchMenu",return)</action>
	</shortcut>
	<shortcut>
		<defaultID>33060</defaultID>
		<label>33060</label>
		<label2>Common Shortcut</label2>
		<icon>special://skin/extras/icons/power.png</icon>
		<thumb />
		<action>ActivateWindow(shutdownmenu)</action>
	</shortcut>
</shortcuts>
